Location,Nearby Locations
Aundh,"Baner|5, Pashan|3, University Road|7, Sangvi|6, Khadki|8"
Baner,"Aundh|5, Pashan|4, Balewadi|3, Hinjewadi|6, Mahalunge|8"
Balewadi,"Baner|3, Hinjewadi|4, Wakad|5, Sus|7"
Bavdhan,"Kothrud|6, Pashan|5, Sus|4, NDA|3, Chandni Chowk|5"
Bibwewadi,"Kondhwa|7, Sahakarnagar|4, Market Yard|6, Dhankawadi|5"
Camp,"Koregaon Park|7, Wanowrie|6, Pune Station|4, Cantonment|3"
Chandni Chowk,"Kothrud|4, Bavdhan|5, Warje|6, NDA|4"
Chinchwad,"Pimpri|5, Akurdi|4, Ravet|6, Wakad|7, Thergaon|5"
Deccan,"Shivajinagar|4, FC Road|3, JM Road|2, Kothrud|6, Erandwane|5"
Dhankawadi,"Sahakarnagar|6, Katraj|5, Bibwewadi|5, Kondhwa|8"
Erandwane,"Kothrud|4, Deccan|5, Law College Road|3, Karve Road|4"
Fatima Nagar,"Wanowrie|4, NIBM|6, Kondhwa|7, Hadapsar|8"
FC Road,"Deccan|3, Shivajinagar|4, JM Road|2, Fergusson College|1"
Hadapsar,"Magarpatta|5, Mundhwa|6, Kharadi|7, Fatima Nagar|8, Manjri|9"
Hinjewadi,"Wakad|6, Balewadi|4, Mahalunge|5, Mann|7, Marunji|8"
JM Road,"FC Road|2, Deccan|2, Shivajinagar|5, PMC|4"
Kalyani Nagar,"Koregaon Park|4, Viman Nagar|5, Wadgaon Sheri|7, Yerwada|6"
Karve Nagar,"Warje|5, Kothrud|6, Hingne Khurd|4, Dhayari|7"
Karve Road,"Kothrud|5, Erandwane|4, Deccan|6, Paud Road|7"
Katraj,"Dhankawadi|5, Kondhwa|8, Narhe|6, Ambegaon|7, Wadgaon Budruk|9"
Khadki,"Aundh|8, Range Hills|5, Bopodi|4, University Road|6"
Kharadi,"Hadapsar|7, Wagholi|8, Viman Nagar|6, Mundhwa|5"
Kondhwa,"Bibwewadi|7, NIBM|5, Undri|6, Katraj|8, Dhankawadi|8, Fatima Nagar|7"
Koregaon Park,"Camp|7, Kalyani Nagar|4, Mundhwa|8, Ghorpadi|6"
Kothrud,"Karve Road|5, Erandwane|4, Warje|6, Bavdhan|6, Chandni Chowk|4, Karve Nagar|6"
Law College Road,"Erandwane|3, Deccan|5, Paud Road|6"
Magarpatta,"Hadapsar|5, Mundhwa|4, Kharadi|6, Fatimanagar|7"
Manjri,"Hadapsar|9, Mundhwa|8, Keshavnagar|7, Phursungi|6"
Market Yard,"Bibwewadi|6, Sahakarnagar|5, Gultekdi|4, Swargate|7"
NIBM,"Kondhwa|5, Undri|4, Fatima Nagar|6, Wanowrie|7"
NDA,"Bavdhan|3, Chandni Chowk|4, Warje|5"
Pashan,"Aundh|3, Baner|4, Bavdhan|5, Sus|6, University Road|5"
Paud Road,"Kothrud|7, Karve Road|7, Law College Road|6, Bavdhan|8"
Pimpri,"Chinchwad|5, Kasarwadi|4, Bhosari|6, Sangvi|7"
Pune Station,"Camp|4, Koregaon Park|8, Shivajinagar|6, Bund Garden|5"
Sangvi,"Aundh|6, Pimpri|7, Wakad|8, Bopodi|5"
Sahakarnagar,"Bibwewadi|4, Dhankawadi|6, Market Yard|5, Parvati|7"
Shivajinagar,"Deccan|4, FC Road|4, JM Road|5, Pune Station|6, PMC|3"
Sus,"Pashan|6, Bavdhan|4, Balewadi|7, Hinjewadi|9"
Swargate,"Market Yard|7, Sahakarnagar|8, Parvati|6, Pune Station|8"
University Road,"Aundh|7, Pashan|5, Khadki|6, Shivajinagar|8"
Undri,"Kondhwa|6, NIBM|4, Handewadi|7, Pisoli|8"
Viman Nagar,"Kalyani Nagar|5, Kharadi|6, Wadgaon Sheri|4, Airport|3"
Wadgaon Sheri,"Viman Nagar|4, Kharadi|6, Wagholi|7"
Wagholi,"Kharadi|8, Wadgaon Sheri|7, Koregaon Viman|9"
Wakad,"Hinjewadi|6, Balewadi|5, Chinchwad|7, Pimple Saudagar|4, Thergaon|5"
Wanowrie,"Camp|6, NIBM|7, Fatima Nagar|4, Hadapsar|9"
Warje,"Kothrud|6, Karve Nagar|5, Chandni Chowk|6, NDA|5"
Yerwada,"Kalyani Nagar|6, Pune Station|7, Vishrantwadi|5, Bund Garden|4"